"Project","Client","Description","Time (h)","Time (decimal)","Amount (USD)"
"PPS","pps","Check all account bill","03:37:55","3.63","0.00"
"PPS","pps","PDF and Word - Revision","01:46:11","1.77","0.00"
"PPS","pps","PPS VPN","07:18:59","7.32","0.00"
"PPS","pps","PPS acccount cleanup","03:58:52","3.98","0.00"
"PPS","pps","PPS accounts cleaning","02:24:58","2.42","0.00"
"PPS","pps","PPS db task","01:52:46","1.88","0.00"
"PPS","pps","PPS rym","03:35:04","3.58","0.00"
"PPS","pps","PPS water care","10:09:24","10.16","0.00"
"PPS","pps","PPS-RYM-PROD","04:07:23","4.12","0.00"
"PPS","pps","R&d about side to side vpn","12:31:57","12.53","0.00"
"PPS","pps","Setup PPS Healthvision Server","02:38:24","2.64","0.00"
"PPS","pps","Tested vpn resource deleting","00:52:02","0.87","0.00"
"PPS","pps","Turn On DevOps Guru for RDS","02:41:39","2.69","0.00"
"PPS","pps","add domain in pps","04:34:28","4.57","0.00"
"PPS","pps","check pps user and other works in pps","01:46:53","1.78","0.00"
"PPS","pps","code review of intra roster","03:50:20","3.84","0.00"
"PPS","pps","join support meeting","01:05:04","1.08","0.00"
"PPS","pps","new vpn setup pps","03:32:44","3.55","0.00"
"PPS","pps","pps VPN","08:29:32","8.49","0.00"
"PPS","pps","pps restore data","02:13:38","2.23","0.00"
"PPS","pps","pps-rym server work","01:44:23","1.74","0.00"
"PPS","pps","pps-rym-prod-db setup alarm","02:29:58","2.50","0.00"
"PPS","pps","pps-twoa-prod","05:41:05","5.68","0.00"
"PPS","pps","test hub spoke setup","01:16:42","1.28","0.00"
"PPS","pps","unused volume delete","00:18:19","0.31","0.00"
"PPS","pps","working on pps vpn","16:22:39","16.38","0.00"
"PPS","pps","working on pps","05:42:17","5.70","0.00"
"PPS","pps","(Without description)","14:09:18","14.16","0.00"
