"Project","Client","Description","Time (h)","Time (decimal)","Amount (USD)"
"IHQ tickets","IHQ","''Baileys EC2 Server creation/migration'' IHQ-538","10:20:28","10.34","0.00"
"IHQ tickets","IHQ","Agile-prod security hub","01:05:45","1.10","0.00"
"IHQ tickets","IHQ","Baileys EC2 Server creation/migration (IHQ-538)","02:24:19","2.41","0.00"
"IHQ tickets","IHQ","Baileys: = cron job setups (IHQ-542)","01:13:28","1.22","0.00"
"IHQ tickets","IHQ","CloudWatch Logs Anomaly Detection trun off (IHQ-540)","01:04:51","1.08","0.00"
"IHQ tickets","IHQ","Create list for New Baileys UAT App EC2 instance similar to Live Baileys with CSP (IHQ-545)","01:09:01","1.15","0.00"
"IHQ tickets","IHQ","Cron (IHQ-544)","00:52:01","0.87","0.00"
"IHQ tickets","IHQ","RDS Extended Support","02:34:40","2.58","0.00"
"IHQ tickets","IHQ","Request for downtime for Agile customer RDS instance (IHQ-541)","00:18:42","0.31","0.00"
"IHQ tickets","IHQ","Setup EC2 server for Customer: WPI ihq-540","01:35:35","1.59","0.00"
"IHQ tickets","IHQ","Setup EC2 server for Customer: WPI(IHQ-540)","03:12:32","3.21","0.00"
"IHQ tickets","IHQ","checking cloudfront logs (IHQ-540)","03:01:06","3.02","0.00"
"IHQ tickets","IHQ","cron and timezone set in baileys-core server","02:08:54","2.15","0.00"
"IHQ tickets","IHQ","s3 data migration (IHQ-542)","01:18:42","1.31","0.00"
"IHQ tickets","IHQ","s3 data migration ticket 542","01:55:15","1.92","0.00"
"IHQ tickets","IHQ","s3 data migration ticket 544","02:56:25","2.94","0.00"
"IHQ tickets","IHQ","s3 migration (IHQ-544)","02:28:18","2.47","0.00"
"IHQ tickets","IHQ","update cron (IHQ ticket-542)","00:46:36","0.78","0.00"
