"Project","Client","Description","Time (h)","Time (decimal)","Amount (USD)"
"DB Migration","IHQ","S3 data transfer (Ticket  IHQ-471)","01:26:37","1.44","0.00"
"DB Migration","IHQ","United DB migration (Ticket  IHQ-471)","04:20:34","4.34","0.00"
"DB Migration","IHQ","United migaration and s3 migration","05:47:11","5.79","0.00"
"IHQ tickets","IHQ","''Baileys EC2 Server creation/migration'' IHQ-538","00:11:33","0.19","0.00"
"IHQ tickets","IHQ","Agile-prod security hub","03:39:40","3.66","0.00"
"IHQ tickets","IHQ","All IHQ Accounts's Server Versions Report","02:37:50","2.63","0.00"
"IHQ tickets","IHQ","IHQ security group list cross check","01:33:06","1.55","0.00"
"IHQ tickets","IHQ","IHQ-536","01:10:19","1.17","0.00"
"IHQ tickets","IHQ","check Score UpdateCIS AWS Foundations Benchmark v1.4.0 (IHQ-539)","01:07:01","1.12","0.00"
"IHQ tickets","IHQ","delete EC2 servers with snapshot (IHQ-461)","01:04:00","1.07","0.00"
"IHQ tickets","IHQ","delete api-gateway-nlp or apigateway-stag-nlb (IHQ-460)","01:32:55","1.55","0.00"
"IHQ tickets","IHQ","join meeting","02:10:51","2.18","0.00"
"IHQ tickets","IHQ","security hub","02:30:28","2.51","0.00"
"IHQ tickets","IHQ","(Without description)","04:23:10","4.39","0.00"
