"Project","Client","Description","Time (h)","Time (decimal)","Amount (USD)"
"IHQ tickets","IHQ","Create EC2 server for SM core (in US East 1) (IHQ-550)","09:01:53","9.03","0.00"
"IHQ tickets","IHQ","Create EC2 servers for ICIB core and app portal (IHQ-547)","09:20:11","9.34","0.00"
"IHQ tickets","IHQ","Create list for New Baileys UAT App EC2 instance similar to Live Baileys with CSP (IHQ-545)","05:15:04","5.25","0.00"
"IHQ tickets","IHQ","Error or access log rollover re-writing rules missing in latest servers (IHQ-549)","01:06:34","1.11","0.00"
"IHQ tickets","IHQ","New server setup (ignore this for ihq bill )","02:54:14","2.90","0.00"
"IHQ tickets","IHQ","New server setup IHQ-544 (ignore this for ihq bill )","02:04:02","2.07","0.00"
"IHQ tickets","IHQ","Regarding https://ihq-build-upgrade.insuredhq.com/ upgrade and rename (IHQ-548)","01:39:31","1.66","0.00"
"IHQ tickets","IHQ","Require Putty connection for SM server [ihqaws-seguros-2.insuredhq.com OR 34.192.241.101] (IHQ-551)","02:12:54","2.22","0.00"
