"Project","Client","Description","Task","User","Group","Email","Tags","Billable","Start Date","Start Time","End Date","End Time","Duration (h)","Duration (decimal)","Billable Rate (USD)","Billable Amount (USD)"
"Website Revamp","OLIF","olif trend analysis","add trend analysis frontend","Akhil","","akhil@easycoder.co","","Yes","30/07/2025","09:55:41","30/07/2025","12:28:06","02:32:25","2.54","0.00","0.00"
"OLif","OLIF","olif optimize code","","Akhil","","akhil@easycoder.co","","Yes","30/07/2025","12:28:29","30/07/2025","12:36:29","00:08:00","0.13","0.00","0.00"
"Website Revamp","OLIF","olif trend analysis","add trend analysis frontend","Akhil","","akhil@easycoder.co","","Yes","30/07/2025","12:36:32","30/07/2025","14:53:37","02:17:05","2.28","0.00","0.00"
"OLif","OLIF","olif optimize code","","Akhil","","akhil@easycoder.co","","Yes","30/07/2025","14:53:38","30/07/2025","18:20:16","03:26:38","3.44","0.00","0.00"
"OLif","OLIF","olif optimize code","","Akhil","","akhil@easycoder.co","","Yes","31/07/2025","09:00:00","31/07/2025","13:49:23","04:49:23","4.82","0.00","0.00"
"OLif","OLIF","custom page template page","","Akhil","","akhil@easycoder.co","","Yes","31/07/2025","15:24:49","31/07/2025","18:00:00","02:35:11","2.59","0.00","0.00"
"Website Revamp","OLIF","fix heatmap api","fix heatmap api","prince","","prince@easycoder.co","","Yes","30/07/2025","09:52:01","30/07/2025","13:06:26","03:14:25","3.24","0.00","0.00"
"OLif","OLIF","code review","","prince","","prince@easycoder.co","","Yes","30/07/2025","13:46:02","30/07/2025","13:46:48","00:00:46","0.01","0.00","0.00"
"OLif","OLIF","code review","","prince","","prince@easycoder.co","","Yes","30/07/2025","13:46:53","30/07/2025","14:28:55","00:42:02","0.70","0.00","0.00"
"OLif","OLIF","code review and optimize code","","prince","","prince@easycoder.co","","Yes","31/07/2025","10:47:06","31/07/2025","13:20:59","02:33:53","2.56","0.00","0.00"
"OLif","OLIF","code review and optimize code","","prince","","prince@easycoder.co","","Yes","31/07/2025","14:00:39","31/07/2025","14:42:32","00:41:53","0.70","0.00","0.00"
"OLif","OLIF","code review and optimize code","","prince","","prince@easycoder.co","","Yes","31/07/2025","16:54:00","31/07/2025","16:54:08","00:00:08","0.00","0.00","0.00"
"OLif","OLIF","Agents","","ranjeet","","ranjeet@easycoder.co","","Yes","30/07/2025","10:01:35","30/07/2025","13:04:25","03:02:50","3.05","0.00","0.00"
"OLif","OLIF","Agents","","ranjeet","","ranjeet@easycoder.co","","Yes","30/07/2025","13:45:14","30/07/2025","15:06:45","01:21:31","1.36","0.00","0.00"
"OLif","OLIF","Agents","","ranjeet","","ranjeet@easycoder.co","","Yes","30/07/2025","16:41:57","30/07/2025","18:25:30","01:43:33","1.73","0.00","0.00"
"OLif","OLIF","Agents","","ranjeet","","ranjeet@easycoder.co","","Yes","31/07/2025","11:45:52","31/07/2025","11:46:16","00:00:24","0.01","0.00","0.00"
"OLif","OLIF","Agents","","ranjeet","","ranjeet@easycoder.co","","Yes","31/07/2025","11:46:34","31/07/2025","11:46:51","00:00:17","0.00","0.00","0.00"
"OLif","OLIF","Agents","","ranjeet","","ranjeet@easycoder.co","","Yes","31/07/2025","11:47:11","31/07/2025","11:47:45","00:00:34","0.01","0.00","0.00"
"OLif","OLIF","Agents","","ranjeet","","ranjeet@easycoder.co","","Yes","31/07/2025","11:47:48","31/07/2025","11:47:51","00:00:03","0.00","0.00","0.00"
"OLif","OLIF","Agents","","ranjeet","","ranjeet@easycoder.co","","Yes","31/07/2025","11:47:51","31/07/2025","11:48:07","00:00:16","0.00","0.00","0.00"
"OLif","OLIF","Agents","","ranjeet","","ranjeet@easycoder.co","","Yes","31/07/2025","11:48:14","31/07/2025","11:48:38","00:00:24","0.01","0.00","0.00"
"OLif","OLIF","Agents","","ranjeet","","ranjeet@easycoder.co","","Yes","31/07/2025","11:48:45","31/07/2025","11:48:49","00:00:04","0.00","0.00","0.00"
"OLif","OLIF","Agents","","ranjeet","","ranjeet@easycoder.co","","Yes","31/07/2025","11:48:51","31/07/2025","13:25:03","01:36:12","1.60","0.00","0.00"
"OLif","OLIF","Agents","","ranjeet","","ranjeet@easycoder.co","","Yes","31/07/2025","14:01:24","31/07/2025","15:47:40","01:46:16","1.77","0.00","0.00"
"OLif","OLIF","Agents","","ranjeet","","ranjeet@easycoder.co","","Yes","31/07/2025","15:50:38","31/07/2025","18:06:59","02:16:21","2.27","0.00","0.00"
