"Project","Client","Description","Task","User","Group","Email","Tags","Billable","Start Date","Start Time","End Date","End Time","Duration (h)","Duration (decimal)","Billable Rate (USD)","Billable Amount (USD)"
"OLif","OLIF","","","Akhil","","akhil@easycoder.co","","Yes","01/09/2025","09:33:36","01/09/2025","18:41:15","09:07:39","9.13","0.00","0.00"
"OLif","OLIF","","ts","Akhil","","akhil@easycoder.co","","Yes","04/09/2025","12:00:02","04/09/2025","13:05:24","01:05:22","1.09","0.00","0.00"
"OLif","OLIF","dashboard design","olif Dashboard design","Akhil","","akhil@easycoder.co","","Yes","08/09/2025","08:59:25","08/09/2025","14:00:22","05:00:57","5.02","0.00","0.00"
"OLif","OLIF","dashboard design","olif Dashboard design","Akhil","","akhil@easycoder.co","","Yes","08/09/2025","14:30:02","08/09/2025","17:55:16","03:25:14","3.42","0.00","0.00"
"OLif","OLIF","dashboard design","olif Dashboard design","Akhil","","akhil@easycoder.co","","Yes","08/09/2025","17:56:06","08/09/2025","17:59:42","00:03:36","0.06","0.00","0.00"
"OLif","OLIF","","olif Dashboard design","Akhil","","akhil@easycoder.co","","Yes","09/09/2025","08:55:59","09/09/2025","13:35:47","04:39:48","4.66","0.00","0.00"
"OLif","OLIF","","olif Dashboard design","Akhil","","akhil@easycoder.co","","Yes","09/09/2025","13:51:15","09/09/2025","18:00:00","04:08:45","4.15","0.00","0.00"
"OLif","OLIF","","Email template","Akhil","","akhil@easycoder.co","","Yes","10/09/2025","09:00:00","10/09/2025","18:27:26","09:27:26","9.46","0.00","0.00"
"OLif","OLIF","","Email template","Akhil","","akhil@easycoder.co","","Yes","11/09/2025","09:55:44","11/09/2025","17:59:36","08:03:52","8.06","0.00","0.00"
"OLif","OLIF","","Olif stage","Akhil","","akhil@easycoder.co","","Yes","15/09/2025","08:42:32","15/09/2025","13:26:00","04:43:28","4.72","0.00","0.00"
"OLif","OLIF","","New-dashboard","Akhil","","akhil@easycoder.co","","Yes","16/09/2025","15:05:00","16/09/2025","15:09:43","00:04:43","0.08","0.00","0.00"
"OLif","OLIF","","New-dashboard","Akhil","","akhil@easycoder.co","","Yes","16/09/2025","15:09:45","16/09/2025","15:10:25","00:00:40","0.01","0.00","0.00"
"OLif","OLIF","","New-dashboard","Akhil","","akhil@easycoder.co","","Yes","22/09/2025","15:10:00","22/09/2025","18:00:00","02:50:00","2.83","0.00","0.00"
"OLif","OLIF","","New-dashboard","Akhil","","akhil@easycoder.co","","Yes","25/09/2025","09:55:59","26/09/2025","09:32:55","23:36:56","23.62","0.00","0.00"
"OLif","OLIF","","olif Dashboard design","Akhil","","akhil@easycoder.co","","Yes","26/09/2025","09:33:00","26/09/2025","17:45:00","08:12:00","8.20","0.00","0.00"
"OLif","OLIF","olif email banner","","bhumika","","bhumika@easycoder.co","","Yes","07/09/2025","21:12:12","09/09/2025","15:15:42","42:03:30","42.06","0.00","0.00"
"OLif","OLIF","olif video","","bhumika","","bhumika@easycoder.co","","Yes","11/09/2025","11:21:44","11/09/2025","17:20:02","05:58:18","5.97","0.00","0.00"
"OLif","OLIF","","Case study","justin","","justin@easycoder.co","","Yes","08/09/2025","06:21:05","08/09/2025","09:47:32","03:26:27","3.44","0.00","0.00"
"OLif","OLIF","Olif react code review","","ranjeet","","ranjeet@easycoder.co","","Yes","01/09/2025","09:48:52","01/09/2025","11:48:37","01:59:45","2.00","0.00","0.00"
"OLif","OLIF","trun off quicksight","","ranjeet","","ranjeet@easycoder.co","","Yes","01/09/2025","11:54:35","01/09/2025","12:53:50","00:59:15","0.99","0.00","0.00"
"OLif","OLIF","Olif react code review","","ranjeet","","ranjeet@easycoder.co","","Yes","01/09/2025","13:57:16","01/09/2025","14:03:55","00:06:39","0.11","0.00","0.00"
"OLif","OLIF","trun off quicksight","","ranjeet","","ranjeet@easycoder.co","","Yes","01/09/2025","14:03:58","01/09/2025","16:46:07","02:42:09","2.70","0.00","0.00"
"OLif","OLIF","Olif react code review","","ranjeet","","ranjeet@easycoder.co","","Yes","01/09/2025","17:07:15","01/09/2025","18:07:11","00:59:56","1.00","0.00","0.00"
"OLif","OLIF","Olif react code review","","ranjeet","","ranjeet@easycoder.co","","Yes","02/09/2025","09:57:23","02/09/2025","17:00:00","07:02:37","7.04","0.00","0.00"
"OLif","OLIF","Olif react code review","","ranjeet","","ranjeet@easycoder.co","","Yes","04/09/2025","09:39:07","04/09/2025","10:11:54","00:32:47","0.55","0.00","0.00"
"OLif","OLIF","create a document olif project who deployed olif-dev account","","ranjeet","","ranjeet@easycoder.co","","Yes","04/09/2025","10:12:55","04/09/2025","10:38:23","00:25:28","0.42","0.00","0.00"
"OLif","OLIF","Olif react code review","","ranjeet","","ranjeet@easycoder.co","","Yes","04/09/2025","10:38:28","04/09/2025","10:55:51","00:17:23","0.29","0.00","0.00"
"OLif","OLIF","All account bill check","","ranjeet","","ranjeet@easycoder.co","","Yes","04/09/2025","10:56:07","04/09/2025","13:28:08","02:32:01","2.53","0.00","0.00"
"OLif","OLIF","All account bill check","","ranjeet","","ranjeet@easycoder.co","","Yes","04/09/2025","13:49:00","04/09/2025","14:22:28","00:33:28","0.56","0.00","0.00"
"OLif","OLIF","create a document olif project who deployed olif-dev account","","ranjeet","","ranjeet@easycoder.co","","Yes","04/09/2025","14:22:33","04/09/2025","15:59:42","01:37:09","1.62","0.00","0.00"
"OLif","OLIF","Olif react code review","","ranjeet","","ranjeet@easycoder.co","","Yes","04/09/2025","15:59:54","04/09/2025","16:45:15","00:45:21","0.76","0.00","0.00"
"OLif","OLIF","Enable region Asia Pacific (New Zealand)","","ranjeet","","ranjeet@easycoder.co","","Yes","05/09/2025","15:52:13","05/09/2025","17:18:29","01:26:16","1.44","0.00","0.00"
"OLif","OLIF","Regarding sending email to expo game user (OLF-15)","","ranjeet","","ranjeet@easycoder.co","","Yes","10/09/2025","09:37:37","10/09/2025","14:39:48","05:02:11","5.04","0.00","0.00"
